tick,phase,d_sigma_t,phi_t,phi_prev,v_phi,clock_delta,source_delta,reproj_delta,phi_displacement,rlis_delta,churn_delta
1,warmup,1.331549516556063,0.04810416960646995,0.0,0.03612643231207414,1.0,0.048325108138981554,0.0,0.14979341150947348,0.16198737749608338,0.039862274339648986
2,warmup,1.2647030084643414,0.0481470578774992,0.04810416960646995,3.391170640893464e-05,1.0,0.026735135352338513,0.02,0.10843274100360485,0.16380035562863882,0.01228849400240324
3,warmup,1.3571862443096188,0.04986271869138816,0.0481470578774992,0.0012641297809733657,1.0,0.0881420786671609,0.04,0.1207208391434675,0.1893589177202295,0.02048055942897834
4,warmup,1.2746521439261929,0.05176458766471424,0.04986271869138816,0.001492067847938565,1.0,0.03401648068915997,0.06,0.09216509072968244,0.17710582161888455,0.0014433938197882968
5,warmup,1.2689600384949649,0.05240886393065572,0.05176458766471424,0.0005077195015424683,1.0,0.05949780150609579,0.08,0.09345146554858354,0.11383274636472085,0.002300977032389029
6,warmup,1.3506751282584877,0.05429672908262569,0.05240886393065572,0.0013977186036478767,1.0,0.04095035872042152,0.1,0.12806388052669065,0.17347969418278475,0.025375920351127113
7,warmup,1.381482894827907,0.05674500626264524,0.05429672908262569,0.0017722082676356727,1.0,0.13087660928272196,0.12,0.08325065542652367,0.19180165945051242,0.004499563048984212
8,warmup,1.2761781878701741,0.05883680378694751,0.05674500626264524,0.0016391095734708586,1.0,0.030162405052052643,0.14,0.08496224095351257,0.13125028711986686,0.003358506030991615
9,warmup,1.3279578119937763,0.061404303595372134,0.05883680378694751,0.0019334182545690732,1.0,0.04408201986752444,0.16,0.08020694292863963,0.18972063783282134,0.006528704714240241
10,warmup,1.3982425034708756,0.0633155952374936,0.061404303595372134,0.001366923312983069,1.0,0.010444125871656884,0.18,0.14057906905550852,0.19617428026467365,0.03371937937033901
11,noise_storm,1.8430291505135072,0.10484665904993251,0.0633155952374936,0.022534120671258408,1.0,0.08000346333421733,0.18585729499929468,0.09912818190581923,0.5927783415266854,0.5286922728587289
12,noise_storm,1.3039024043871803,0.14799889771221636,0.10484665904993251,0.03309465909598181,1.0,0.011629972230006414,0.2157676191690135,0.01672914279380151,0.021003599983042655,0.38509371419070226
13,noise_storm,3.4788567584428542,0.18433725059685593,0.14799889771221636,0.01044548395129116,1.0,0.3419097868069933,0.26727538817819746,0.6092271399384258,1.425137305031657,1.2138407099076385
14,noise_storm,1.9513968910914574,0.20389516624253867,0.18433725059685593,0.010022515518218374,1.0,0.07107093732687694,0.30577737813047773,0.14487923251391957,0.5747813893994367,0.5573188487708793
15,noise_storm,3.8055983341941784,0.23338478766595977,0.20389516624253867,0.007749008456683844,1.0,0.48813962084278356,0.22003864358871317,0.7160638670143656,1.4402539251662274,1.4540958005215483
16,noise_storm,2.1207345324262623,0.2554291365012548,0.23338478766595977,0.010394671328996335,1.0,0.34307858519094064,0.09342497842315725,0.2136807294594063,0.49155643672499905,0.6205210941891095
17,noise_storm,2.745998297625314,0.26794549239609367,0.2554291365012548,0.004558033174175516,1.0,0.2662071309970235,0.2776004651172938,0.49266148921542724,0.712402799468798,0.9389922338231409
18,noise_storm,4.413764360483194,0.27830515222458274,0.26794549239609367,0.0023471251827838348,1.0,0.5190404386183596,0.3113246463080312,1.0772672064828412,1.3729811912756267,1.8159008097242615
19,noise_storm,2.47187755330514,0.29356361858339614,0.27830515222458274,0.006172822017655905,1.0,0.4141683982485381,0.08690787387902464,0.23996329946441067,0.85525826455143,0.7399449491966159
20,noise_storm,1.5016467361100818,0.29841562636452673,0.29356361858339614,0.0032311224959452865,1.0,0.3860044105232932,0.012460255804137566,0.032064757977637096,0.04149419238271944,0.30809713696645563
21,noise_storm,3.744222288692596,0.31121040769621056,0.29841562636452673,0.0034172057447331063,1.0,0.3681439683212789,0.25707966553193257,0.6309488549575517,1.762432237243356,1.2664232824363275
22,noise_storm,1.875688405897004,0.3188908690489804,0.31121040769621056,0.004094740487749805,1.0,0.19984117349587918,0.06725308321827464,0.08959956714370682,0.6015161743874852,0.5343993507155602
23,noise_storm,2.2021058703249614,0.3229722300874164,0.3188908690489804,0.0018533891762635942,1.0,0.28537741676584166,0.060344430678255415,0.11480625162110625,1.0816341144252821,0.3922093774316594
24,noise_storm,2.6705537713716145,0.3275490933696909,0.3229722300874164,0.0017138249068465337,1.0,0.11520314019863176,0.39999064844121146,0.30720119167009674,1.229056316643216,0.680801787505145
25,noise_storm,2.508969399828594,0.3344652026331394,0.3275490933696909,0.002756552753241321,1.0,0.22437689260741203,0.154466447217838,0.2310580095923021,1.207217074779336,0.6265870143884531
26,noise_storm,2.8209708570679126,0.3427271029865502,0.3344652026331394,0.0029287425653363726,1.0,0.4731120097677092,0.13792099726535653,0.43501386803586367,0.8108263135941879,0.9125208020537955
27,noise_storm,2.563842790279258,0.3506332738359385,0.3427271029865502,0.0030837178455896384,1.0,0.31767592892177376,0.15921361838098,0.33718889410783076,0.771925380928757,0.9057833411617461
28,noise_storm,1.9427240983950258,0.36211108378918627,0.3506332738359385,0.00590809783778987,1.0,0.3838763576199978,0.07278525462085494,0.18627025621531942,0.26657320633504245,0.5394053843229791
29,noise_storm,2.575033668924137,0.36752453464468404,0.36211108378918627,0.002102282707424494,1.0,0.43267705729327316,0.07593364048934391,0.2190316274432977,1.1144471224115178,0.6485474411649466
30,noise_storm,3.2556832170421286,0.37852476516703454,0.36752453464468404,0.003378776868090875,1.0,0.37741514468721815,0.24789432220043578,0.6237271432027823,0.9384918040452136,1.2955907148041734
31,noise_storm,2.42201293805721,0.38683408496879035,0.37852476516703454,0.0034307481353393994,1.0,0.2078181084573699,0.17695044474593416,0.24515671145193588,1.0500019138414378,0.6077350671779038
32,noise_storm,1.7066227311627713,0.3895653517802213,0.38683408496879035,0.0016003919092171786,1.0,0.1564711662392663,0.09420850112061357,0.09827276026663756,0.36908429855183994,0.4874091403999563
33,noise_storm,1.3912775335145648,0.3946251585699663,0.3895653517802213,0.00363680360751575,1.0,0.20671731993728074,0.025503964844833284,0.03514740840332375,0.04981060002723455,0.3527211126049856
34,noise_storm,4.509877844278152,0.39568044571217637,0.3946251585699663,0.0002339945658515803,1.0,0.45263142524837063,0.31042544858587995,0.9367220881786109,2.030767035108359,1.6250831322679162
35,noise_storm,3.971350766861681,0.3999034805634672,0.39568044571217637,0.0010633746641456642,1.0,0.4481275364737451,0.30173229717886707,0.9014303400621975,1.2123466283021587,1.6321455100932962
36,noise_storm,1.8300809044686073,0.40727078138329037,0.3999034805634672,0.0040256672675873404,1.0,0.4769617992500801,0.03160769752577415,0.10050442854697028,0.16633274153518274,0.5307566428204554
37,noise_storm,1.430836226724684,0.41331571132137235,0.40727078138329037,0.004224750254729792,1.0,0.04922280580388914,0.06168838554620737,0.02024316948064271,0.3136268070721867,0.3703647542209641
38,noise_storm,4.519405518780062,0.4220471090887115,0.41331571132137235,0.0019319788408182542,1.0,0.4291418347796557,0.31563070528802517,0.9030022665339994,2.0547876975852106,1.7545033998009991
39,noise_storm,1.5585927697420159,0.42096207587868845,0.4220471090887115,0.0006961616497431953,1.0,0.11824456508852729,0.04558198828206477,0.03593214920188731,0.37421375827794057,0.43389822380283094
40,noise_storm,3.0227410042788057,0.4256325200258912,0.42096207587868845,0.0015451018117297326,1.0,0.17862536106173618,0.39972506771156313,0.47600689696936604,1.1452762783812938,1.054010345454049
41,regime_shift,1.0,0.42808810207598036,0.4256325200258912,0.0024555795945095725,1.0,0.0,0.0,0.0,0.0,0.0
42,regime_shift,1.0,0.43220935309360087,0.42808810207598036,0.004121246896373613,1.0,0.0,0.0,0.0,0.0,0.0
43,regime_shift,1.0,0.4335944448772752,0.43220935309360087,0.001385090398583954,1.0,0.0,0.0,0.0,0.0,0.0
44,regime_shift,1.0,0.43413085206733326,0.4335944448772752,0.0005364066536513878,1.0,0.0,0.0,0.0,0.0,0.0
45,regime_shift,1.0,0.4346901021092152,0.43413085206733326,0.0005592494826324709,1.0,0.0,0.0,0.0,0.0,0.0
46,regime_shift,1.0,0.43612503238129136,0.4346901021092152,0.0014349288371473033,1.0,0.0,0.0,0.0,0.0,0.0
47,regime_shift,1.0,0.44371513161427295,0.43612503238129136,0.007590091642889953,1.0,0.0,0.0,0.0,0.0,0.0
48,regime_shift,1.0,0.4481427641946269,0.44371513161427295,0.004427628152725794,1.0,0.0,0.0,0.0,0.0,0.0
49,regime_shift,1.0,0.4508868200756338,0.4481427641946269,0.002744053136953765,1.0,0.0,0.0,0.0,0.0,0.0
50,regime_shift,1.0,0.4556033268603002,0.4508868200756338,0.004716502068164329,1.0,0.0,0.0,0.0,0.0,0.0
51,regime_shift,1.0,0.4557557887856013,0.4556033268603002,0.0001524617728393333,1.0,0.0,0.0,0.0,0.0,0.0
52,regime_shift,1.0,0.455907694280518,0.4557557887856013,0.00015190534301138346,1.0,0.0,0.0,0.0,0.0,0.0
53,regime_shift,1.0,0.4560590463856537,0.455907694280518,0.00015135195378371765,1.0,0.0,0.0,0.0,0.0,0.0
54,regime_shift,1.0,0.45620984811949794,0.4560590463856537,0.0001508015830426583,1.0,0.0,0.0,0.0,0.0,0.0
55,regime_shift,1.0,0.4563601024786277,0.45620984811949794,0.0001502542088755334,1.0,0.0,0.0,0.0,0.0,0.0
56,regime_shift,1.0,0.4573986526329469,0.4563601024786277,0.0010385491157700799,1.0,0.0,0.0,0.0,0.0,0.0
57,regime_shift,1.0,0.4584372027872661,0.4573986526329469,0.0010385491157700799,1.0,0.0,0.0,0.0,0.0,0.0
58,regime_shift,1.0,0.4594757529415853,0.4584372027872661,0.0010385491157701354,1.0,0.0,0.0,0.0,0.0,0.0
59,regime_shift,1.0,0.4605143030959045,0.4594757529415853,0.0010385491157700799,1.0,0.0,0.0,0.0,0.0,0.0
60,regime_shift,1.0,0.4615528532502237,0.4605143030959045,0.0010385491157700799,1.0,0.0,0.0,0.0,0.0,0.0
61,regime_shift,1.0,0.4626213239998513,0.4615528532502237,0.0010684696811578893,1.0,0.0,0.0,0.0,0.0,0.0
62,regime_shift,1.0,0.46368979474947886,0.4626213239998513,0.0010684696811578893,1.0,0.0,0.0,0.0,0.0,0.0
63,regime_shift,1.0,0.46475826549910637,0.46368979474947886,0.0010684696811578338,1.0,0.0,0.0,0.0,0.0,0.0
64,regime_shift,1.0,0.4658267362487339,0.46475826549910637,0.0010684696811578338,1.0,0.0,0.0,0.0,0.0,0.0
65,regime_shift,1.0,0.46689520699836157,0.4658267362487339,0.0010684696811580003,1.0,0.0,0.0,0.0,0.0,0.0
66,regime_shift,1.0,0.4679524106603751,0.46689520699836157,0.0010572026048109014,1.0,0.0,0.0,0.0,0.0,0.0
67,regime_shift,1.0,0.4690096143223885,0.4679524106603751,0.0010572026048108459,1.0,0.0,0.0,0.0,0.0,0.0
68,regime_shift,1.0,0.4700668179844021,0.4690096143223885,0.0010572026048109569,1.0,0.0,0.0,0.0,0.0,0.0
69,regime_shift,1.0,0.4711240216464155,0.4700668179844021,0.0010572026048107904,1.0,0.0,0.0,0.0,0.0,0.0
70,regime_shift,1.0,0.47218122530842893,0.4711240216464155,0.0010572026048108459,1.0,0.0,0.0,0.0,0.0,0.0
71,regime_shift,1.0,0.47318583434286865,0.47218122530842893,0.0010046080298316887,1.0,0.0,0.0,0.0,0.0,0.0
72,regime_shift,1.0,0.4741904433773084,0.47318583434286865,0.0010046080298317442,1.0,0.0,0.0,0.0,0.0,0.0
73,regime_shift,1.0,0.4751950524117481,0.4741904433773084,0.0010046080298316332,1.0,0.0,0.0,0.0,0.0,0.0
74,regime_shift,1.0,0.4761996614461878,0.4751950524117481,0.0010046080298316887,1.0,0.0,0.0,0.0,0.0,0.0
75,regime_shift,1.0,0.47720427048062747,0.4761996614461878,0.0010046080298316332,1.0,0.0,0.0,0.0,0.0,0.0
76,regime_shift,1.0,0.4781251626815921,0.47720427048062747,0.0009208912800733603,1.0,0.0,0.0,0.0,0.0,0.0
77,regime_shift,1.0,0.4790460548825567,0.4781251626815921,0.0009208912800733048,1.0,0.0,0.0,0.0,0.0,0.0
78,regime_shift,1.0,0.47996694708352144,0.4790460548825567,0.0009208912800734713,1.0,0.0,0.0,0.0,0.0,0.0
79,regime_shift,1.0,0.4808878392844862,0.47996694708352144,0.0009208912800734713,1.0,0.0,0.0,0.0,0.0,0.0
80,regime_shift,1.0,0.4818087314854509,0.4808878392844862,0.0009208912800734158,1.0,0.0,0.0,0.0,0.0,0.0
81,regime_shift,1.0,0.4826317199951874,0.4818087314854509,0.000822987686748813,1.0,0.0,0.0,0.0,0.0,0.0
82,regime_shift,1.0,0.48345470850492395,0.4826317199951874,0.0008229876867488686,1.0,0.0,0.0,0.0,0.0,0.0
83,regime_shift,1.0,0.4842776970146604,0.48345470850492395,0.0008229876867487575,1.0,0.0,0.0,0.0,0.0,0.0
84,regime_shift,1.0,0.4851006855243969,0.4842776970146604,0.000822987686748813,1.0,0.0,0.0,0.0,0.0,0.0
85,regime_shift,1.0,0.48592367403413333,0.4851006855243969,0.0008229876867487575,1.0,0.0,0.0,0.0,0.0,0.0
86,regime_shift,1.0,0.48665311716285364,0.48592367403413333,0.0007294423992779093,1.0,0.0,0.0,0.0,0.0,0.0
87,regime_shift,1.0,0.48738256029157406,0.48665311716285364,0.0007294423992780203,1.0,0.0,0.0,0.0,0.0,0.0
88,regime_shift,1.0,0.4881120034202945,0.48738256029157406,0.0007294423992780203,1.0,0.0,0.0,0.0,0.0,0.0
89,regime_shift,1.0,0.4888414465490149,0.4881120034202945,0.0007294423992780203,1.0,0.0,0.0,0.0,0.0,0.0
90,regime_shift,1.0,0.4895708896777353,0.4888414465490149,0.0007294423992780203,1.0,0.0,0.0,0.0,0.0,0.0
91,regime_shift,1.0,0.49022680690941667,0.4895708896777353,0.0006559165757647709,1.0,0.0,0.0,0.0,0.0,0.0
92,regime_shift,1.0,0.49088272414109796,0.49022680690941667,0.0006559165757647154,1.0,0.0,0.0,0.0,0.0,0.0
93,regime_shift,1.0,0.49153864137277925,0.49088272414109796,0.0006559165757647154,1.0,0.0,0.0,0.0,0.0,0.0
94,regime_shift,1.0,0.49219455860446054,0.49153864137277925,0.0006559165757647154,1.0,0.0,0.0,0.0,0.0,0.0
95,regime_shift,1.0,0.49285047583614183,0.49219455860446054,0.0006559165757647154,1.0,0.0,0.0,0.0,0.0,0.0
96,regime_shift,1.0,0.4934631632998801,0.49285047583614183,0.0006126868510514196,1.0,0.0,0.0,0.0,0.0,0.0
97,regime_shift,1.0,0.4940758507636184,0.4934631632998801,0.0006126868510514196,1.0,0.0,0.0,0.0,0.0,0.0
98,regime_shift,1.0,0.49468853822735664,0.4940758507636184,0.0006126868510514196,1.0,0.0,0.0,0.0,0.0,0.0
99,regime_shift,1.0,0.4953012256910949,0.49468853822735664,0.0006126868510514196,1.0,0.0,0.0,0.0,0.0,0.0
100,regime_shift,1.0,0.49591391315483324,0.4953012256910949,0.0006126868510514752,1.0,0.0,0.0,0.0,0.0,0.0
101,regime_shift,1.0,0.49651813127069155,0.49591391315483324,0.000604217511640801,1.0,0.0,0.0,0.0,0.0,0.0
102,regime_shift,1.0,0.49712234938655,0.49651813127069155,0.000604217511640912,1.0,0.0,0.0,0.0,0.0,0.0
103,regime_shift,1.0,0.4977265675024083,0.49712234938655,0.000604217511640801,1.0,0.0,0.0,0.0,0.0,0.0
104,regime_shift,1.0,0.49833078561826666,0.4977265675024083,0.0006042175116408565,1.0,0.0,0.0,0.0,0.0,0.0
105,regime_shift,1.0,0.49893500373412497,0.49833078561826666,0.000604217511640801,1.0,0.0,0.0,0.0,0.0,0.0
106,regime_shift,1.0,0.499564880632512,0.49893500373412497,0.0006298762685107367,1.0,0.0,0.0,0.0,0.0,0.0
107,regime_shift,1.0,0.5001947575308991,0.499564880632512,0.0006298762685109032,1.0,0.0,0.0,0.0,0.0,0.0
108,regime_shift,1.0,0.5008246344292863,0.5001947575308991,0.0006298762685108477,1.0,0.0,0.0,0.0,0.0,0.0
109,regime_shift,1.0,0.5014545113276734,0.5008246344292863,0.0006298762685108477,1.0,0.0,0.0,0.0,0.0,0.0
110,regime_shift,1.0,0.5020843882260606,0.5014545113276734,0.0006298762685109587,1.0,0.0,0.0,0.0,0.0,0.0
111,regime_shift,1.0,0.5027690786602845,0.5020843882260606,0.0006846897495341729,1.0,0.0,0.0,0.0,0.0,0.0
112,regime_shift,1.0,0.5034537690945086,0.5027690786602845,0.000684689749534284,1.0,0.0,0.0,0.0,0.0,0.0
113,regime_shift,1.0,0.5041384595287326,0.5034537690945086,0.000684689749534284,1.0,0.0,0.0,0.0,0.0,0.0
114,regime_shift,1.0,0.5048231499629565,0.5041384595287326,0.0006846897495341729,1.0,0.0,0.0,0.0,0.0,0.0
115,regime_shift,1.0,0.5055078403971806,0.5048231499629565,0.000684689749534284,1.0,0.0,0.0,0.0,0.0,0.0
116,regime_shift,1.0,0.5062675197869364,0.5055078403971806,0.0007596786300772218,1.0,0.0,0.0,0.0,0.0,0.0
117,regime_shift,1.0,0.5070271991766921,0.5062675197869364,0.0007596786300771108,1.0,0.0,0.0,0.0,0.0,0.0
118,regime_shift,1.0,0.507786878566448,0.5070271991766921,0.0007596786300772218,1.0,0.0,0.0,0.0,0.0,0.0
119,regime_shift,1.0,0.5085465579562038,0.507786878566448,0.0007596786300772218,1.0,0.0,0.0,0.0,0.0,0.0
120,regime_shift,1.0,0.5093062373459597,0.5085465579562038,0.0007596786300772218,1.0,0.0,0.0,0.0,0.0,0.0
121,regime_shift,1.0,0.5101484660021989,0.5093062373459597,0.0008422278140113606,1.0,0.0,0.0,0.0,0.0,0.0
122,regime_shift,1.0,0.5109906946584378,0.5101484660021989,0.0008422278140111385,1.0,0.0,0.0,0.0,0.0,0.0
123,regime_shift,1.0,0.5118329233146769,0.5109906946584378,0.0008422278140112495,1.0,0.0,0.0,0.0,0.0,0.0
124,regime_shift,1.0,0.512675151970916,0.5118329233146769,0.0008422278140112495,1.0,0.0,0.0,0.0,0.0,0.0
125,regime_shift,1.0,0.5135173806271549,0.512675151970916,0.0008422278140111385,1.0,0.0,0.0,0.0,0.0,0.0
126,regime_shift,1.0,0.5144348066360593,0.5135173806271549,0.0009174250914793403,1.0,0.0,0.0,0.0,0.0,0.0
127,regime_shift,1.0,0.5153522326449637,0.5144348066360593,0.0009174250914792293,1.0,0.0,0.0,0.0,0.0,0.0
128,regime_shift,1.0,0.516269658653868,0.5153522326449637,0.0009174250914792293,1.0,0.0,0.0,0.0,0.0,0.0
129,regime_shift,1.0,0.5171870846627724,0.516269658653868,0.0009174250914793403,1.0,0.0,0.0,0.0,0.0,0.0
130,regime_shift,1.0,0.5181045106716767,0.5171870846627724,0.0009174250914792293,1.0,0.0,0.0,0.0,0.0,0.0
131,regime_shift,1.0,0.5190754495323867,0.5181045106716767,0.0009709378897720904,1.0,0.0,0.0,0.0,0.0,0.0
132,regime_shift,1.0,0.5200463883930967,0.5190754495323867,0.0009709378897720904,1.0,0.0,0.0,0.0,0.0,0.0
133,regime_shift,1.0,0.5210173272538067,0.5200463883930967,0.0009709378897720904,1.0,0.0,0.0,0.0,0.0,0.0
134,regime_shift,1.0,0.5219882661145167,0.5210173272538067,0.0009709378897720904,1.0,0.0,0.0,0.0,0.0,0.0
135,regime_shift,1.0,0.5229592049752265,0.5219882661145167,0.0009709378897719794,1.0,0.0,0.0,0.0,0.0,0.0
136,regime_shift,1.0,0.5239521711268464,0.5229592049752265,0.0009929651586547642,1.0,0.0,0.0,0.0,0.0,0.0
137,regime_shift,1.0,0.5249451372784664,0.5239521711268464,0.0009929651586547642,1.0,0.0,0.0,0.0,0.0,0.0
138,regime_shift,1.0,0.5259381034300863,0.5249451372784664,0.0009929651586547642,1.0,0.0,0.0,0.0,0.0,0.0
139,regime_shift,1.0,0.5269310695817062,0.5259381034300863,0.0009929651586547642,1.0,0.0,0.0,0.0,0.0,0.0
140,regime_shift,1.0,0.5279240357333261,0.5269310695817062,0.0009929651586547642,1.0,0.0,0.0,0.0,0.0,0.0
141,regime_shift,1.0,0.5289057933137372,0.5279240357333261,0.0009817565986544815,1.0,0.0,0.0,0.0,0.0,0.0
142,regime_shift,1.0,0.5298875508941483,0.5289057933137372,0.0009817565986544815,1.0,0.0,0.0,0.0,0.0,0.0
143,regime_shift,1.0,0.5308693084745593,0.5298875508941483,0.0009817565986543705,1.0,0.0,0.0,0.0,0.0,0.0
144,regime_shift,1.0,0.5318510660549703,0.5308693084745593,0.0009817565986544815,1.0,0.0,0.0,0.0,0.0,0.0
145,regime_shift,1.0,0.5328328236353814,0.5318510660549703,0.0009817565986544815,1.0,0.0,0.0,0.0,0.0,0.0
146,regime_shift,1.0,0.5337776927549288,0.5328328236353814,0.0009448681746792123,1.0,0.0,0.0,0.0,0.0,0.0
147,regime_shift,1.0,0.5347225618744761,0.5337776927549288,0.0009448681746791012,1.0,0.0,0.0,0.0,0.0,0.0
148,regime_shift,1.0,0.5356674309940235,0.5347225618744761,0.0009448681746792123,1.0,0.0,0.0,0.0,0.0,0.0
149,regime_shift,1.0,0.5366123001135709,0.5356674309940235,0.0009448681746792123,1.0,0.0,0.0,0.0,0.0,0.0
150,regime_shift,1.0,0.5375571692331181,0.5366123001135709,0.0009448681746791012,1.0,0.0,0.0,0.0,0.0,0.0
151,staleness,1.44,0.5340947237405759,0.5375571692331181,0.002404474366713819,1.0,0.1,0.0,0.3,0.0,0.0
152,staleness,1.44,0.534506564152416,0.5340947237405759,0.0002860000873889461,1.0,0.1,0.0,0.3,0.0,0.0
153,staleness,1.44,0.5349184045642567,0.534506564152416,0.0002860000873892545,1.0,0.1,0.0,0.3,0.0,0.0
154,staleness,1.44,0.5353302449760972,0.5349184045642567,0.0002860000873891774,1.0,0.1,0.0,0.3,0.0,0.0
155,staleness,1.44,0.5357420853879373,0.5353302449760972,0.0002860000873889461,1.0,0.1,0.0,0.3,0.0,0.0
156,staleness,1.44,0.5361539257997779,0.5357420853879373,0.0002860000873892545,1.0,0.1,0.0,0.3,0.0,0.0
157,staleness,1.44,0.5365657662116181,0.5361539257997779,0.0002860000873889461,1.0,0.1,0.0,0.3,0.0,0.0
158,staleness,1.44,0.5369776066234586,0.5365657662116181,0.0002860000873891774,1.0,0.1,0.0,0.3,0.0,0.0
159,staleness,1.44,0.5373894470352992,0.5369776066234586,0.0002860000873892545,1.0,0.1,0.0,0.3,0.0,0.0
160,staleness,1.44,0.5378012874471394,0.5373894470352992,0.0002860000873889461,1.0,0.1,0.0,0.3,0.0,0.0
161,staleness,1.44,0.5382131278589799,0.5378012874471394,0.0002860000873891774,1.0,0.1,0.0,0.3,0.0,0.0
162,staleness,1.44,0.5386249682708205,0.5382131278589799,0.0002860000873892545,1.0,0.1,0.0,0.3,0.0,0.0
163,staleness,1.44,0.5390368086826606,0.5386249682708205,0.000286000087388869,1.0,0.1,0.0,0.3,0.0,0.0
164,staleness,1.44,0.5394486490945012,0.5390368086826606,0.0002860000873892545,1.0,0.1,0.0,0.3,0.0,0.0
165,staleness,1.44,0.5398604895063414,0.5394486490945012,0.0002860000873889461,1.0,0.1,0.0,0.3,0.0,0.0
166,staleness,2.2800000000000002,0.5423315319773839,0.5398604895063414,0.0010837900821282851,1.0,0.0,0.0,0.0,1.6,0.8
167,staleness,2.2800000000000002,0.5448025744484265,0.5423315319773839,0.0010837900821282851,1.0,0.0,0.0,0.0,1.6,0.8
168,staleness,2.2800000000000002,0.5472736169194691,0.5448025744484265,0.0010837900821282851,1.0,0.0,0.0,0.0,1.6,0.8
169,staleness,2.2800000000000002,0.5497446593905116,0.5472736169194691,0.0010837900821282851,1.0,0.0,0.0,0.0,1.6,0.8
170,staleness,2.2800000000000002,0.5522157018615538,0.5497446593905116,0.0010837900821280904,1.0,0.0,0.0,0.0,1.6,0.8
171,staleness,2.2800000000000002,0.5546867443325963,0.5522157018615538,0.0010837900821282851,1.0,0.0,0.0,0.0,1.6,0.8
172,staleness,2.2800000000000002,0.5571577868036389,0.5546867443325963,0.0010837900821282851,1.0,0.0,0.0,0.0,1.6,0.8
173,staleness,2.2800000000000002,0.5596288292746815,0.5571577868036389,0.0010837900821282851,1.0,0.0,0.0,0.0,1.6,0.8
174,staleness,2.2800000000000002,0.5620998717457236,0.5596288292746815,0.0010837900821280904,1.0,0.0,0.0,0.0,1.6,0.8
175,staleness,2.2800000000000002,0.5645709142167662,0.5620998717457236,0.0010837900821282851,1.0,0.0,0.0,0.0,1.6,0.8
176,staleness,2.2800000000000002,0.5670419566878088,0.5645709142167662,0.0010837900821282851,1.0,0.0,0.0,0.0,1.6,0.8
177,staleness,2.2800000000000002,0.5695129991588513,0.5670419566878088,0.0010837900821282851,1.0,0.0,0.0,0.0,1.6,0.8
178,staleness,2.2800000000000002,0.5719840416298935,0.5695129991588513,0.0010837900821280904,1.0,0.0,0.0,0.0,1.6,0.8
179,staleness,2.2800000000000002,0.574455084100936,0.5719840416298935,0.0010837900821282851,1.0,0.0,0.0,0.0,1.6,0.8
180,staleness,2.2800000000000002,0.5769261265719786,0.574455084100936,0.0010837900821282851,1.0,0.0,0.0,0.0,1.6,0.8
181,staleness,1.0,0.5769261265719786,0.5769261265719786,0.0,1.0,0.0,0.0,0.0,0.0,0.0
182,staleness,1.0,0.5769261265719786,0.5769261265719786,0.0,1.0,0.0,0.0,0.0,0.0,0.0
183,staleness,1.0,0.5769261265719786,0.5769261265719786,0.0,1.0,0.0,0.0,0.0,0.0,0.0
184,staleness,1.0,0.5769261265719786,0.5769261265719786,0.0,1.0,0.0,0.0,0.0,0.0,0.0
185,staleness,1.0,0.5769261265719786,0.5769261265719786,0.0,1.0,0.0,0.0,0.0,0.0,0.0
186,staleness,1.0,0.5769261265719786,0.5769261265719786,0.0,1.0,0.0,0.0,0.0,0.0,0.0
187,staleness,1.0,0.5769261265719786,0.5769261265719786,0.0,1.0,0.0,0.0,0.0,0.0,0.0
188,staleness,1.0,0.5769261265719786,0.5769261265719786,0.0,1.0,0.0,0.0,0.0,0.0,0.0
189,staleness,1.0,0.5769261265719786,0.5769261265719786,0.0,1.0,0.0,0.0,0.0,0.0,0.0
190,staleness,1.0,0.5769261265719786,0.5769261265719786,0.0,1.0,0.0,0.0,0.0,0.0,0.0
191,staleness,1.0,0.5769261265719786,0.5769261265719786,0.0,1.0,0.0,0.0,0.0,0.0,0.0
192,staleness,1.0,0.5769261265719786,0.5769261265719786,0.0,1.0,0.0,0.0,0.0,0.0,0.0
193,staleness,1.0,0.5769261265719786,0.5769261265719786,0.0,1.0,0.0,0.0,0.0,0.0,0.0
194,staleness,1.0,0.5769261265719786,0.5769261265719786,0.0,1.0,0.0,0.0,0.0,0.0,0.0
195,staleness,1.0,0.5769261265719786,0.5769261265719786,0.0,1.0,0.0,0.0,0.0,0.0,0.0
196,staleness,1.0,0.5769261265719786,0.5769261265719786,0.0,1.0,0.0,0.0,0.0,0.0,0.0
197,staleness,1.0,0.5769261265719786,0.5769261265719786,0.0,1.0,0.0,0.0,0.0,0.0,0.0
198,staleness,1.0,0.5769261265719786,0.5769261265719786,0.0,1.0,0.0,0.0,0.0,0.0,0.0
199,staleness,1.0,0.5769261265719786,0.5769261265719786,0.0,1.0,0.0,0.0,0.0,0.0,0.0
200,staleness,1.0,0.5769261265719786,0.5769261265719786,0.0,1.0,0.0,0.0,0.0,0.0,0.0
201,staleness,1.0,0.5769261265719786,0.5769261265719786,0.0,1.0,0.0,0.0,0.0,0.0,0.0
202,staleness,1.0,0.5769261265719786,0.5769261265719786,0.0,1.0,0.0,0.0,0.0,0.0,0.0
203,staleness,1.0,0.5769261265719786,0.5769261265719786,0.0,1.0,0.0,0.0,0.0,0.0,0.0
204,staleness,1.0,0.5769261265719786,0.5769261265719786,0.0,1.0,0.0,0.0,0.0,0.0,0.0
205,staleness,1.0,0.5769261265719786,0.5769261265719786,0.0,1.0,0.0,0.0,0.0,0.0,0.0
206,staleness,1.0,0.5769261265719786,0.5769261265719786,0.0,1.0,0.0,0.0,0.0,0.0,0.0
207,staleness,1.0,0.5769261265719786,0.5769261265719786,0.0,1.0,0.0,0.0,0.0,0.0,0.0
208,staleness,1.0,0.5769261265719786,0.5769261265719786,0.0,1.0,0.0,0.0,0.0,0.0,0.0
209,staleness,1.0,0.5769261265719786,0.5769261265719786,0.0,1.0,0.0,0.0,0.0,0.0,0.0
210,staleness,1.0,0.5769261265719786,0.5769261265719786,0.0,1.0,0.0,0.0,0.0,0.0,0.0
211,staleness,1.0,0.5769261265719786,0.5769261265719786,0.0,1.0,0.0,0.0,0.0,0.0,0.0
212,staleness,1.0,0.5769261265719786,0.5769261265719786,0.0,1.0,0.0,0.0,0.0,0.0,0.0
213,staleness,1.0,0.5769261265719786,0.5769261265719786,0.0,1.0,0.0,0.0,0.0,0.0,0.0
214,staleness,1.0,0.5769261265719786,0.5769261265719786,0.0,1.0,0.0,0.0,0.0,0.0,0.0
215,staleness,1.0,0.5769261265719786,0.5769261265719786,0.0,1.0,0.0,0.0,0.0,0.0,0.0
216,staleness,1.0,0.5769261265719786,0.5769261265719786,0.0,1.0,0.0,0.0,0.0,0.0,0.0
217,staleness,1.0,0.5769261265719786,0.5769261265719786,0.0,1.0,0.0,0.0,0.0,0.0,0.0
218,staleness,1.0,0.5769261265719786,0.5769261265719786,0.0,1.0,0.0,0.0,0.0,0.0,0.0
219,staleness,1.0,0.5769261265719786,0.5769261265719786,0.0,1.0,0.0,0.0,0.0,0.0,0.0
220,staleness,1.0,0.5769261265719786,0.5769261265719786,0.0,1.0,0.0,0.0,0.0,0.0,0.0
221,staleness,1.0,0.5769261265719786,0.5769261265719786,0.0,1.0,0.0,0.0,0.0,0.0,0.0
222,staleness,1.0,0.5769261265719786,0.5769261265719786,0.0,1.0,0.0,0.0,0.0,0.0,0.0
223,staleness,1.0,0.5769261265719786,0.5769261265719786,0.0,1.0,0.0,0.0,0.0,0.0,0.0
224,staleness,1.0,0.5769261265719786,0.5769261265719786,0.0,1.0,0.0,0.0,0.0,0.0,0.0
225,staleness,1.0,0.5769261265719786,0.5769261265719786,0.0,1.0,0.0,0.0,0.0,0.0,0.0
226,staleness,1.0,0.5769261265719786,0.5769261265719786,0.0,1.0,0.0,0.0,0.0,0.0,0.0
227,staleness,1.0,0.5769261265719786,0.5769261265719786,0.0,1.0,0.0,0.0,0.0,0.0,0.0
228,staleness,1.0,0.5769261265719786,0.5769261265719786,0.0,1.0,0.0,0.0,0.0,0.0,0.0
229,staleness,1.0,0.5769261265719786,0.5769261265719786,0.0,1.0,0.0,0.0,0.0,0.0,0.0
230,staleness,1.0,0.5769261265719786,0.5769261265719786,0.0,1.0,0.0,0.0,0.0,0.0,0.0
231,final,1.3408135529127208,0.5593021641946129,0.5769261265719786,0.013144220682181813,1.0,0.2,0.0,0.08401129409393372,0.0,0.2
232,final,1.3478208500725104,0.5617430274125272,0.5593021641946129,0.0018109687254165337,1.0,0.2,0.0,0.08985070839375843,0.0,0.2
233,final,1.3611484375090648,0.564178767764741,0.5617430274125272,0.001789473135786754,1.0,0.2,0.0,0.10095703125755374,0.0,0.2
234,final,1.3469048825450927,0.5666250978709042,0.564178767764741,0.001816259129806972,1.0,0.2,0.0,0.08908740212091033,0.0,0.2
235,final,1.3564256509925978,0.5690680674992818,0.5666250978709042,0.0018010333449213366,1.0,0.2,0.0,0.0970213758271646,0.0,0.2
236,final,1.5901243065243622,0.54033679120716,0.5690680674992818,0.018068561121715353,1.0,0.4,0.0,0.09177025543696861,0.0,0.4
237,final,1.5817188712331807,0.5486109055934735,0.54033679120716,0.0052310870823558345,1.0,0.4,0.0,0.08476572602765046,0.0,0.4
238,final,1.5777071390198558,0.556886427814376,0.5486109055934735,0.005245280807161004,1.0,0.4,0.0,0.08142261584987968,0.0,0.4
239,final,1.5898720554553192,0.5651685060211104,0.556886427814376,0.0052092701227409895,1.0,0.4,0.0,0.09156004621276585,0.0,0.4
240,final,1.5824311051337978,0.5734266731400374,0.5651685060211104,0.0052186549376339745,1.0,0.4,0.0,0.08535925427816461,0.0,0.4
241,final,1.8364926877515917,0.5388466197140189,0.5734266731400374,0.018829388664196606,1.0,0.6000000000000001,0.0,0.0970772397929932,0.0,0.6
242,final,1.819866526178949,0.5552430517459928,0.5388466197140189,0.009009684384225643,1.0,0.6000000000000001,0.0,0.08322210514912427,0.0,0.6
243,final,1.8131655569900726,0.5716439426494313,0.5552430517459928,0.00904544088363546,1.0,0.6000000000000001,0.0,0.07763796415839386,0.0,0.6
244,final,1.829497798005024,0.5880432995713667,0.5716439426494313,0.008963852252768936,1.0,0.6000000000000001,0.0,0.09124816500418671,0.0,0.6
245,final,1.834334960297849,0.6044308917177371,0.5880432995713667,0.00893380084186405,1.0,0.6000000000000001,0.0,0.09527913358154076,0.0,0.6
246,final,2.0655856678536795,0.5659610719387239,0.6044308917177371,0.018624161540985652,1.0,0.8,0.0,0.08798805654473281,0.0,0.8
247,final,2.0630908491293054,0.5915641173359277,0.5659610719387239,0.01241003661955679,1.0,0.8,0.0,0.08590904094108784,0.0,0.8
248,final,2.0723626779236533,0.6171463809315295,0.5915641173359277,0.012344485607484308,1.0,0.8,0.0,0.0936355649363776,0.0,0.8
249,final,2.0658613117605156,0.6427129623118899,0.6171463809315295,0.012375743162947145,1.0,0.8,0.0,0.08821775980042941,0.0,0.8
250,final,2.0622666591574115,0.6683121006521515,0.6427129623118899,0.012413101774927097,1.0,0.8,0.0,0.08522221596450923,0.0,0.8
251,final,2.3052870008949293,0.6250853590658685,0.6683121006521515,0.018751124184701477,1.0,1.0,0.0,0.08773916741244091,0.0,1.0
252,final,2.297242179762394,0.6600195772941998,0.6250853590658685,0.015207017931791005,1.0,1.0,0.0,0.08103514980199505,0.0,1.0
253,final,2.2947512523765394,0.6949597105728301,0.6600195772941998,0.01522610261846127,1.0,1.0,0.0,0.07895937698044941,0.0,1.0
254,final,2.3103377100517886,0.7298804771385302,0.6949597105728301,0.01511499868558983,1.0,1.0,0.0,0.09194809170982367,0.0,1.0
255,final,2.3091557548132307,0.7648179101410432,0.7298804771385302,0.015129952927487056,1.0,1.0,0.0,0.09096312901102532,0.0,1.0
